Mean_HR,Mean_RR,SDNN,RMSSD,pNN50
73.8364681907444,0.8137037037037037,0.030097008223045237,0.038554400513324025,21.428571428571427
74.31700180829405,0.8081481481481483,0.025629254974782512,0.02775792941670264,0.0
73.24997279065998,0.8200000000000001,0.027201428188116345,0.02981608824386232,7.142857142857142
73.99045037532316,0.8116666666666666,0.024787159824817967,0.025088028441386898,7.142857142857142
74.50883039071577,0.8059027777777777,0.02260680668146948,0.02298460748131146,0.0
73.95827974411532,0.8118055555555554,0.020914194925521663,0.022047927592204926,0.0
73.7787311726122,0.8138888888888889,0.0229271861378044,0.023613834265622333,0.0
74.27960516355265,0.8085069444444444,0.024737603478283132,0.0261071707034661,0.0
74.38411725313499,0.8075925925925928,0.027749368188163308,0.03031107096306051,7.142857142857142
75.21852833949531,0.7986111111111112,0.027516128827998535,0.02558975167809374,6.666666666666667
75.6656707661797,0.7934027777777778,0.018733918000300276,0.018257418583505516,0.0
75.58947743671425,0.7944444444444445,0.02334407821384945,0.024258552435278243,6.666666666666667
74.21073200676219,0.8092013888888889,0.023625786901455018,0.02446968393949473,6.666666666666667
75.04511809797548,0.8024305555555556,0.04757704724321083,0.06617099684185865,33.33333333333333
75.09646120409981,0.8036458333333334,0.055474930645921065,0.0520614151411778,13.333333333333334
74.44250292638533,0.8068518518518519,0.02607496841900535,0.028781470008896626,7.142857142857142
73.38560565533334,0.8183333333333334,0.024507494444569754,0.02142673419519655,7.142857142857142
73.70118772169897,0.8148148148148148,0.024102547264479916,0.022333550500405103,0.0
73.58767522625519,0.816111111111111,0.024870032539554877,0.02891520474172251,0.0
75.55232948370946,0.8041666666666667,0.08091991354053342,0.13454885752665605,20.0
74.97449381064742,0.8006944444444445,0.01836014453666982,0.019258368925289353,0.0
74.33302796002368,0.8079861111111111,0.02549424635525087,0.0269124475919777,6.666666666666667
74.667058625989,0.8040740740740742,0.020307985279637408,0.021349427626161942,0.0
76.72841953469288,0.7831597222222222,0.03073603187593341,0.0253676667929575,6.666666666666667
73.79334981388638,0.8148148148148148,0.03737347195586283,0.03633174356989936,14.285714285714285
78.01764036138493,0.7713541666666668,0.04164025493923304,0.06395729027580725,20.0
83.18740771912805,0.7220588235294118,0.02407456697609544,0.02074053405981678,0.0
77.28973894583224,0.7770833333333333,0.024679660616551195,0.023916865616241404,0.0
81.19961175779459,0.7401960784313725,0.03128391619287403,0.020436026346614105,0.0
78.9326612614713,0.7609477124183008,0.02478063870605081,0.02391552133017022,0.0
77.94390506446004,0.7704861111111111,0.023465132887323548,0.027470522922391376,6.666666666666667
82.7568939995116,0.7266339869281045,0.03496884731868088,0.02585348676248094,6.25
82.28140840454591,0.7305555555555555,0.03129671526449911,0.02124591463996992,0.0
78.92936521585149,0.7616013071895426,0.03317275173973732,0.025487151810420237,6.25
77.61084728602245,0.7769607843137254,0.05108450488481566,0.05988752961763997,25.0
79.83218765872711,0.7521241830065358,0.020290407289248875,0.023824606664456172,0.0
77.4480579481128,0.7763071895424837,0.03512501853736456,0.023000687724554453,0.0
73.37043461657242,0.8187500000000001,0.028657930947171305,0.029606472432164948,20.0
74.54078767154783,0.8055555555555556,0.022502571869471733,0.025020567671105335,6.666666666666667
77.56396524555008,0.7741830065359477,0.022012175319018185,0.02028205814793086,0.0
78.31017536714735,0.7666666666666667,0.01903156419556332,0.01839950180484969,0.0
76.34807736763972,0.7867647058823528,0.026737538783114728,0.028387407549957912,12.5
77.15825725077931,0.778125,0.019931281442453007,0.024152294576982387,6.666666666666667
76.29354106743526,0.7869791666666667,0.020710721367264557,0.024077635064267935,6.666666666666667
76.47489741539074,0.7854166666666667,0.025788117538371035,0.026313244408010975,0.0
77.50043798896145,0.774673202614379,0.019312868388356063,0.023794224581960868,0.0
77.47584750301006,0.775326797385621,0.026556183726216383,0.025993010100295703,12.5
77.40728525814603,0.7758680555555555,0.02413069541132105,0.02542842775854624,0.0
82.51746502920383,0.7279320987654322,0.02450595904375441,0.026266053983542637,0.0
77.56100382973769,0.7743055555555556,0.023743501385109386,0.024024164789377397,6.666666666666667
74.96258040400595,0.801736111111111,0.032540854544805264,0.03814769866689533,13.333333333333334
79.28765253485619,0.7583333333333333,0.03485106813127924,0.029552670598546122,6.25
77.97291138766462,0.7704861111111112,0.02712559025357677,0.022452510468485468,0.0
75.08594569407481,0.7996527777777778,0.02142392062625326,0.02503084516904179,13.333333333333334
75.28988245286153,0.7979166666666666,0.02807995363771628,0.03213910096283945,13.333333333333334
77.62587734729954,0.7821895424836601,0.07783645559422103,0.1244548296757889,25.0
75.7339985306246,0.7932291666666667,0.028002024528605386,0.01988909579863407,0.0
75.09205444307139,0.7998263888888888,0.025505475348684362,0.022939803135625093,0.0
75.19081818193561,0.7986111111111112,0.02265209226430568,0.025204921460770736,6.666666666666667
74.98073116788983,0.8010416666666667,0.025907059521001044,0.024448652836391676,0.0
75.86090177224392,0.7921875,0.031537546669372356,0.0398040467781568,26.666666666666668
76.02299537562911,0.7932291666666667,0.05371040701898526,0.07558074198941671,40.0
74.98891411910304,0.8020833333333334,0.040403300577191256,0.05512798427482869,20.0
75.46404487349122,0.8088541666666667,0.10263794330304164,0.17259517562842178,40.0
73.22621344983094,0.820138888888889,0.025086655372483942,0.028643904256033376,0.0
73.64456346511538,0.8154513888888889,0.02437428279255072,0.026517716726964298,13.333333333333334
73.17503105380658,0.8206597222222222,0.02415566380271921,0.029098244258546607,13.333333333333334
73.96074624319762,0.8119791666666667,0.024507469847332278,0.025367666792957478,0.0
74.5732073824581,0.8052083333333333,0.022542719219624207,0.02425855243527824,6.666666666666667
74.12242415217861,0.8116319444444444,0.04187700094261204,0.05486609213205932,33.33333333333333
75.88394332537513,0.7931372549019607,0.04351684837050276,0.054724689735682064,31.25
75.249126190855,0.798611111111111,0.031732387941099595,0.030293488958042257,13.333333333333334
76.83064551085957,0.7826797385620915,0.035349297218968935,0.03941851651755103,12.5
74.00465891311157,0.8118518518518519,0.029856768274496542,0.040458679685634394,14.285714285714285
75.69462994554091,0.7944444444444444,0.03712518445728794,0.04854360391937832,33.33333333333333
75.18304226898877,0.7998263888888889,0.03748030282592232,0.044698348815490674,26.666666666666668
75.15419934764344,0.7991319444444445,0.024742476682660042,0.026710997103349492,6.666666666666667
74.33664968993446,0.8079861111111111,0.026092542895491927,0.027479884150443782,0.0
74.36337200995067,0.8076388888888889,0.02539236847053085,0.02364648765886431,0.0
76.26761259115501,0.790798611111111,0.05362728913572172,0.06639605571110208,26.666666666666668
74.25980421918929,0.8086805555555556,0.023892825095609405,0.021730674684008838,0.0
74.77425784787013,0.8029513888888888,0.0206349057301152,0.02128824324390162,6.666666666666667
74.08402501660888,0.8107638888888888,0.02662313793987162,0.025296594543006187,0.0
76.35761860603345,0.788888888888889,0.04572303027423098,0.0533909916917373,12.5
76.17544922538356,0.7972222222222223,0.08170870044490405,0.12971359714367117,40.0
73.93938604366777,0.812326388888889,0.026315115262541863,0.03319415388064367,13.333333333333334
74.63361527016455,0.8064236111111112,0.04579879538333749,0.06406176289348098,33.33333333333333
75.84219433740145,0.796875,0.06413655949525893,0.07839044411403129,33.33333333333333
74.22875790602838,0.8133333333333332,0.06152385866625388,0.07778840630327129,35.714285714285715
75.293202642951,0.8006944444444444,0.05077049090676178,0.06193883880963882,6.666666666666667
75.51849475082238,0.801111111111111,0.0639235010913009,0.06401385294298964,7.142857142857142
74.06588209996715,0.8112847222222223,0.030939331533265363,0.04146246257121174,26.666666666666668
73.85242816278515,0.8131944444444444,0.02510587150350725,0.028912027770362954,6.666666666666667
73.83200072890699,0.8133680555555556,0.024000441056582566,0.023602939762497787,0.0
73.39841589435676,0.8182291666666667,0.025306164425837652,0.02954559843413695,6.666666666666667
73.70222376353635,0.8149305555555555,0.02622160059879951,0.0256399572426985,6.666666666666667
75.74935245999373,0.7928819444444445,0.025229822299337984,0.02399202542409908,0.0
73.1149603408342,0.8214814814814816,0.0267488445707671,0.02937848256965016,7.142857142857142
73.73335580183353,0.8142592592592593,0.02040905417836453,0.02158051655742656,0.0
74.98527362907231,0.802037037037037,0.03853632067250242,0.05525214768344446,35.714285714285715
74.10170642759158,0.8104166666666667,0.02408631277225641,0.0260677338672005,0.0
73.66200982303587,0.8152777777777778,0.024434183452443303,0.025204921460770736,6.666666666666667
73.62643241658232,0.8157986111111111,0.026872734436519084,0.030046260628866575,20.0
73.79065101098651,0.8138888888888889,0.025153847605937255,0.027740716016405927,0.0
73.08410639302801,0.8230902777777778,0.04126798558051334,0.05883383170495036,20.0
73.60022601080553,0.8157986111111111,0.021821887682361596,0.020662882967056845,0.0
73.85169872880641,0.8130208333333333,0.021843976016157063,0.021324458030347836,0.0
73.3995835636081,0.8182291666666667,0.025306164425837645,0.026979263489506407,6.666666666666667
73.24009447105004,0.8199652777777778,0.024576245643361395,0.022486850295539224,0.0
75.17451561361585,0.7989583333333333,0.025532050633819088,0.028236945707364656,6.666666666666667
74.15126066153067,0.8101851851851852,0.029127692949676678,0.03149703941743559,14.285714285714285
74.18589250531132,0.8094444444444443,0.023258256642698157,0.026962234349711223,0.0
75.50306877095464,0.7963541666666667,0.03632042369085655,0.04177147312554573,20.0
76.63513382198596,0.7984375,0.10302601754547666,0.17949259759832045,40.0
73.77393726579947,0.8183333333333334,0.06367355014175291,0.10268657472068082,21.428571428571427
73.92738450227597,0.8153703703703703,0.05478978407474768,0.08767461790243869,14.285714285714285
76.14285878647716,0.789236111111111,0.03128662976673092,0.023852254424944035,6.666666666666667
80.45202811012645,0.7470588235294118,0.0307476225565296,0.02500964320190154,0.0
76.30249993607723,0.7880208333333334,0.03634696946691722,0.042029286281708315,13.333333333333334
81.00317482056016,0.7445987654320987,0.054554815550145616,0.041134951575319115,11.76470588235294
79.41115957174495,0.7565359477124183,0.027198889167749166,0.02701201435941211,6.25
75.80704321972846,0.7928819444444445,0.03333288121799868,0.03235445409195583,6.666666666666667
75.93374370826179,0.790625,0.019141363128246828,0.019364916731037084,0.0
75.51717693953357,0.7953125000000001,0.025320452949683967,0.023262679625840298,6.666666666666667
76.60439945091301,0.7840277777777778,0.024913043214794574,0.028929814316351936,6.666666666666667
77.76599874377057,0.7729166666666667,0.032297266539537454,0.030865432074075057,6.666666666666667
80.99486179941755,0.7413398692810458,0.02023110738468136,0.022015093727982434,6.25
74.55238887562632,0.8055555555555555,0.02451169201151748,0.02300218531141182,0.0
77.29299420199283,0.7774305555555556,0.0300763399843108,0.027657145468635257,13.333333333333334
66.77732995506632,0.8992063492063492,0.025163236289662976,0.0273036458888261,7.6923076923076925
68.82280170678027,0.8727777777777779,0.029101779674908436,0.02669517325533355,7.142857142857142
74.54704727753803,0.8059027777777779,0.029081804454136644,0.028327886186626593,13.333333333333334
74.1310788378866,0.8098958333333333,0.020505963779840337,0.018327720801950213,0.0
67.52651737784942,0.8914814814814813,0.048670246218208243,0.04847202324059762,14.285714285714285
68.68764317929723,0.8748015873015873,0.03357163964810374,0.03816480979322059,30.76923076923077
70.60018581290366,0.8507407407407407,0.02758202631394202,0.03077124450743186,7.142857142857142
69.45351578327895,0.8655555555555557,0.03658239474034295,0.038910141585013346,7.142857142857142
74.68252834337906,0.8052083333333334,0.03901115452622666,0.031172228327953074,6.666666666666667
73.48307115269111,0.8175347222222222,0.028812645617049885,0.025051387515682737,6.666666666666667
75.75953468851392,0.7927083333333333,0.024033697889822517,0.027102913150334387,6.666666666666667
68.63267516263728,0.8761904761904763,0.041768582840116274,0.03401196649926609,23.076923076923077
68.1587263591452,0.883888888888889,0.05559443084285279,0.0849642003664799,42.857142857142854
67.08957617721951,0.8954365079365079,0.03161244213689291,0.035414048001061134,15.384615384615385
67.62676751931487,0.8886904761904761,0.03587321340723813,0.03436784977003601,23.076923076923077
65.24573584074548,0.9206349206349207,0.03105142882458673,0.02755250534538045,7.6923076923076925
66.23211734662172,0.9075396825396824,0.03816544456680823,0.03901840459880308,15.384615384615385
65.77135432455364,0.9145299145299146,0.04550228600846878,0.03883097539601294,16.666666666666664
62.854893523207814,0.9551282051282051,0.022876224450649997,0.02463728647342607,8.333333333333332
63.74028334142997,0.9458333333333334,0.061279979525555965,0.05820090788821379,15.384615384615385
62.209952523009214,0.9662393162393161,0.041486020853031096,0.041543026433656594,25.0
63.42183391571579,0.9478632478632479,0.04167597967365706,0.03968270502611056,16.666666666666664
59.50694993777592,1.0090277777777779,0.027360876103521656,0.029551928842573,9.090909090909092
69.00025601341137,0.9307539682539684,0.1685556454288793,0.21259459656381005,23.076923076923077
64.22398662693188,0.9369047619047619,0.04942826304049947,0.03799335174511601,15.384615384615385
63.049054764041905,0.9532051282051283,0.0389018011812436,0.0407381101844351,16.666666666666664
64.25536045948384,0.9378205128205128,0.06192674866571648,0.04496226126732958,41.66666666666667
59.232968229950075,1.0162037037037037,0.05991928441427513,0.06580887539540607,27.27272727272727
59.338282306286764,1.0127314814814814,0.03951965855379454,0.03842617946449968,27.27272727272727
59.48106394918647,1.0096153846153846,0.030284645669276196,0.03368831048560443,25.0
58.14421089786109,1.0331018518518518,0.035016499883060215,0.042185324121881966,27.27272727272727
59.102613459811174,1.016203703703704,0.03225160963008107,0.04003540800966764,18.181818181818183
57.95743014607359,1.036111111111111,0.030003429159295637,0.033333333333333326,18.181818181818183
60.09582879373653,1.0009259259259258,0.049772286679054666,0.049257961806664356,36.36363636363637
59.7703835926453,1.0053418803418803,0.03877366229816668,0.04597341108454942,25.0
60.606474647602525,0.9923076923076922,0.04688990467255849,0.04526868802192459,25.0
61.22946243185311,0.9814102564102564,0.038955751668571466,0.02756865727955444,8.333333333333332
63.86109337537307,0.9412698412698411,0.04044310817358424,0.040135691026903064,23.076923076923077
64.1627698290612,0.936111111111111,0.030483320098585138,0.03586371533838548,15.384615384615385
62.09172429973564,0.9668803418803418,0.023632130876407663,0.02926570486903537,8.333333333333332
62.13214878945617,0.966025641025641,0.018268918375896632,0.02060055135304351,0.0
59.28679073971239,1.013888888888889,0.043212081072511205,0.04622384903897067,27.27272727272727
59.36816500900799,1.0123931623931623,0.041994654735710596,0.03864839659896362,16.666666666666664
61.46189431132985,0.9797008547008547,0.05876806480449165,0.06370747189544287,41.66666666666667
60.58323860046758,0.991880341880342,0.03889593248882991,0.036271013492223864,16.666666666666664
59.43759582464823,1.0104700854700852,0.03193568899251578,0.040077727977461404,25.0
58.564443926385174,1.0261574074074071,0.040800540077855836,0.049350438385075204,45.45454545454545
59.296599692075624,1.0134259259259262,0.040283098839664744,0.04571265103498663,36.36363636363637
58.13625900561798,1.0328703703703705,0.029041471458448497,0.03471464563801979,9.090909090909092
58.90206468362914,1.0203703703703704,0.041779682121031426,0.04737053358682788,54.54545454545454
59.46417972087324,1.010042735042735,0.032238767884687686,0.03253282609400158,16.666666666666664
59.40502763677445,1.0153846153846153,0.06780207796674785,0.06527777777777778,25.0
59.78391538079821,1.004398148148148,0.028156180323293273,0.03343838664557604,18.181818181818183
59.725647977765014,1.0055555555555555,0.031077197123774825,0.03515637665209759,9.090909090909092
59.48335329099415,1.0094017094017096,0.026965439470790664,0.034171559420825816,25.0
59.54433880777455,1.008974358974359,0.03657904978124333,0.05051178406291057,58.333333333333336
58.86612862668233,1.0199074074074075,0.02575589082537245,0.031493857737603506,9.090909090909092
59.50905644777484,1.008974358974359,0.0271106611230049,0.03200477394945257,16.666666666666664
59.869975948163635,1.002991452991453,0.028938598308450563,0.03480545579483799,16.666666666666664
59.57710465839367,1.0081018518518514,0.031923470033150804,0.04477465713365755,27.27272727272727
60.55529799648902,0.9942307692307693,0.05688016528898206,0.03817128927745145,25.0
59.948137287118946,1.0023148148148147,0.038437080041088555,0.0431958450843099,27.27272727272727
61.15015128247585,0.9821759259259258,0.03153844927352761,0.04038430704979663,36.36363636363637
63.336440895852306,0.9519230769230769,0.06625034371951738,0.03737977986006379,25.0
59.68772653548428,1.0062499999999999,0.03195702248345785,0.035076475692774715,0.0
62.10421154455988,0.9696581196581195,0.057399542065445196,0.04500514373894347,25.0
60.1256351239547,0.9997685185185187,0.042255991815448736,0.042516584207341154,36.36363636363637
65.10654136810179,0.9243589743589743,0.051302524403328706,0.03079660809178256,8.333333333333332
60.30141201204574,0.998148148148148,0.055292587506791176,0.037930099925509664,18.181818181818183
63.013788449344965,0.9537698412698414,0.03920797583541653,0.04561102522452535,30.76923076923077
65.09258443501052,0.9267857142857142,0.06901140493487952,0.037899502235591465,30.76923076923077
59.47476601780561,1.010042735042735,0.035128621038567655,0.03394500514782105,16.666666666666664
65.75033290423605,0.9168650793650794,0.0622500671620361,0.056482649093531206,38.46153846153847
60.31005699092292,1.0017094017094017,0.0800161609799585,0.05694444444444446,41.66666666666667
61.0549220705789,0.9841880341880341,0.036631435667218465,0.04263534488830663,8.333333333333332
60.22732160851792,0.9969907407407407,0.027579345253948458,0.031859240784183125,9.090909090909092
62.78587019868178,0.9572649572649573,0.03998068238336584,0.048888099741105695,50.0
62.25890631513336,0.9668803418803419,0.05475341358507568,0.04007772797746137,25.0
60.37603757620836,0.994871794871795,0.0335436059028896,0.03737977986006383,25.0
60.6645251269771,0.9903846153846154,0.036080121229411,0.03326574938738833,8.333333333333332
60.65724160565496,0.9908119658119657,0.040786786880983944,0.03423735536015613,25.0
58.80097526152705,1.0215811965811967,0.03493573407526039,0.043619366993971065,33.33333333333333
60.044145482307115,1.0004273504273504,0.03470890605934397,0.043707725019010636,25.0
60.40817794333785,0.994017094017094,0.027923679942421176,0.03458305443885764,25.0
61.78881668712999,0.9726495726495727,0.039747035968590236,0.032994029264068206,25.0
60.26794778075251,0.9972222222222223,0.041071244241120464,0.043353212439294325,33.33333333333333
61.20742689645408,0.9814102564102565,0.03335797905450688,0.03793472301041015,16.666666666666664
60.348771455399664,0.9955128205128203,0.03611174328076605,0.03925095998930861,16.666666666666664
63.88094032607903,0.9408730158730159,0.03896574847277849,0.042901917776573616,30.76923076923077
61.65065137503416,0.9739316239316238,0.0261156220312095,0.03460164248343477,8.333333333333332
62.34178139154395,0.9628205128205127,0.019323139982113526,0.024453912307859735,8.333333333333332
62.32132540912471,0.9634615384615383,0.02619068965135823,0.03530984252901546,16.666666666666664
62.56725190273038,0.9604700854700853,0.03846153846153846,0.0429508883096073,33.33333333333333
62.87386209505105,0.9555555555555556,0.03453521066989615,0.036004114991154766,15.384615384615385
61.20810233521411,0.9807692307692307,0.022181092773266638,0.02915564165524776,16.666666666666664
61.85664195477663,0.9713675213675214,0.036517837934338875,0.040237847384519916,33.33333333333333
61.912176138088256,0.9705128205128204,0.037244515290243765,0.04531128049302616,33.33333333333333
60.15839996695977,0.9981481481481481,0.028403447500329578,0.029929303156436073,9.090909090909092
63.78311142600043,0.9416666666666667,0.03056526652213017,0.030003429159295655,8.333333333333332
65.2066677908763,0.9228174603174605,0.049603571426984135,0.038157032959763755,7.6923076923076925
66.05623847447362,0.9095238095238096,0.033096284860306434,0.03522920473267694,15.384615384615385
62.36455210748078,0.9645299145299145,0.049103475328701705,0.042043053085583613,16.666666666666664
60.2173608313689,0.9970085470085471,0.02495155654187181,0.025179397483124356,0.0
60.182764881268945,0.9979166666666667,0.03101765476962125,0.03589679995366688,18.181818181818183
61.34653649629326,0.9788461538461538,0.02804441391567611,0.03656235161413385,16.666666666666664
60.73457448238845,0.989102564102564,0.03427206553239134,0.034086778026296234,8.333333333333332
59.42702267693528,1.0129629629629628,0.05787222219259355,0.06747718573590088,18.181818181818183
58.27824100126725,1.0317129629629629,0.04717397226354894,0.04607945852889875,27.27272727272727
59.81246762491735,1.0040598290598288,0.03051892490830277,0.040524468044479796,25.0
59.29387323041743,1.0131944444444443,0.035647396576973904,0.04112441772091615,27.27272727272727
60.43867928771988,0.9935185185185187,0.027553103734012034,0.03207865963596988,18.181818181818183
60.20065810270365,0.9979166666666667,0.035266566459985084,0.04206876685596034,27.27272727272727
61.60020044870738,0.9773504273504273,0.05526468893106504,0.05233120031825155,33.33333333333333
58.87723975751897,1.0201388888888887,0.03275197116550907,0.04309830071047106,27.27272727272727
60.061971895943586,1.0,0.032375849510537395,0.04075389097533669,8.333333333333332
60.10697577930592,0.9995726495726495,0.036993591656583294,0.034199773180486275,16.666666666666664
58.73162107187832,1.0222222222222224,0.025230419617479103,0.030624348638255076,9.090909090909092
60.23884590854039,0.9974537037037036,0.03741345179439433,0.04550502247782184,27.27272727272727
62.94159547838155,0.9547008547008548,0.037748615808673246,0.036615073129066866,8.333333333333332
59.50210135446684,1.009722222222222,0.03675529412330333,0.044546914701554904,36.36363636363637
61.65528302467963,0.974145299145299,0.030977747875967607,0.03363100115493331,16.666666666666664
62.46898235750983,0.9617521367521368,0.035425004819610514,0.03796860843298646,16.666666666666664
59.306441375062754,1.0128205128205126,0.03404752107400734,0.033429644812103164,16.666666666666664
59.699810589272424,1.005982905982906,0.03121560127364683,0.038548443681789106,16.666666666666664
61.03235508394566,0.9846153846153844,0.0387300692335913,0.03991696628666644,25.0
60.64969505117206,0.9901709401709401,0.030068286176451995,0.033062168650661375,33.33333333333333
58.90937916302053,1.0194444444444442,0.031077197123774828,0.041918431294060636,27.27272727272727
61.43145472996002,0.9786324786324787,0.043925720445411064,0.031488289024318425,8.333333333333332
60.29339632724826,0.9970085470085469,0.04221802636683138,0.05017971816607123,25.0
72.8800215884585,0.8246527777777778,0.03383412868523272,0.0487286937718201,33.33333333333333
72.45338611004343,0.8291666666666666,0.029397236789606564,0.032898397024003635,13.333333333333334
72.51926054845482,0.8283333333333333,0.028076175041096173,0.032266321765614794,14.285714285714285
72.67565991782809,0.8266666666666665,0.029896942326830465,0.03901623141633467,21.428571428571427
72.58852449875268,0.827037037037037,0.01947000084192696,0.02155496235478973,7.142857142857142
72.9164292146844,0.8234375,0.02200345331868457,0.02656616865248785,13.333333333333334
77.11279687702047,0.782516339869281,0.05617921759624437,0.07406828681096324,18.75
72.98477171351831,0.8229166666666667,0.026048610185432017,0.0321790899057213,6.666666666666667
74.13910932402803,0.8100694444444445,0.025151450974270066,0.029874566305373464,6.666666666666667
74.96413148513884,0.8010416666666667,0.022987579677826987,0.023085099321848025,0.0
75.39499616157549,0.796875,0.029753925848450012,0.03461279051867549,20.0
74.90997805235429,0.8019097222222222,0.027476118102312458,0.02724488852275385,13.333333333333334
73.89791803443131,0.8130208333333333,0.029718956693664,0.027999118151898112,0.0
72.81484749717833,0.8246527777777778,0.023092235714816386,0.025839804048232013,0.0
72.4495121720297,0.8290740740740742,0.02783081356722156,0.033809430657893894,7.142857142857142
72.54074013926817,0.8277777777777778,0.02354839164298048,0.025317646911786864,0.0
72.66806404560771,0.8272222222222221,0.035474444519847936,0.045492358410191704,35.714285714285715
72.42155009169936,0.8291666666666666,0.023834725419070148,0.032663013149180506,6.666666666666667
72.73369737770265,0.8255555555555555,0.02273030282830975,0.028337612499766966,7.142857142857142
72.69221335510532,0.8264814814814814,0.029551981590279344,0.03997215741746626,14.285714285714285
72.58496227129928,0.8272222222222222,0.022571331829914942,0.02057377999494558,0.0
72.65043774860565,0.8270370370370369,0.030856542260505288,0.034254790213301835,21.428571428571427
72.71985516952847,0.8258680555555555,0.0255668519341759,0.02755465948363832,6.666666666666667
72.37671348111378,0.8294444444444444,0.019186114663599124,0.02589874803753678,0.0
72.52918787131078,0.8277777777777777,0.020613032754584266,0.025447927258691782,7.142857142857142
72.76528642365466,0.8253703703703704,0.02603548280488383,0.02749859704614351,7.142857142857142
72.61016722007575,0.8272222222222222,0.02712567914607492,0.027995180991202028,7.142857142857142
72.3711847580687,0.8302083333333333,0.03114759455567859,0.03303882240649977,13.333333333333334
72.64683002338457,0.8274074074074073,0.03557098430679398,0.057763658225914075,42.857142857142854
72.86629686155601,0.8253703703703703,0.0392950570544989,0.052083994704795564,21.428571428571427
72.55103250693291,0.8281481481481481,0.03107912818122157,0.047087810575157395,28.57142857142857
72.79210445907826,0.825,0.024532669073132892,0.02644973492052906,13.333333333333334
72.85122733645919,0.8253472222222222,0.0371495325685496,0.049963978794274694,26.666666666666668
72.49602008228854,0.8283333333333334,0.024199105516917983,0.027468516529888076,0.0
72.64530696408632,0.8264814814814814,0.02110298739083068,0.0242502204575517,7.142857142857142
72.9676775670212,0.8235185185185186,0.03145750721123861,0.03852579932206311,14.285714285714285
72.50044007925902,0.8284722222222223,0.02734912314932669,0.027934741707033604,6.666666666666667
72.63358872753909,0.827951388888889,0.03909258101029267,0.04934759553600545,26.666666666666668
72.73596433029762,0.825925925925926,0.029056965950236373,0.03688875741036044,14.285714285714285
72.54500284884226,0.8285185185185185,0.03468652485993243,0.05581783327453553,42.857142857142854
72.56874414879783,0.8274074074074073,0.022357612255980094,0.024261581535925024,7.142857142857142
74.30497432912773,0.8114583333333333,0.05556315052251497,0.06342423625756931,33.33333333333333
72.49328114891901,0.8284722222222223,0.02571320636329669,0.026057865332352378,0.0
72.42413936355896,0.8291666666666666,0.02425590166190692,0.02424794760310579,0.0
72.67057002361454,0.826851851851852,0.03210173300622169,0.04293056614697944,14.285714285714285
72.82771827229837,0.825,0.031328604844159294,0.039847869876394486,21.428571428571427
72.63507399588252,0.8272222222222222,0.031397491446543975,0.0375990754698899,14.285714285714285
72.50278421698465,0.828298611111111,0.02473272931371619,0.028391371204077788,13.333333333333334
72.61776712295068,0.827037037037037,0.025669365471922723,0.027985335666124836,7.142857142857142
72.41228492511833,0.8294444444444445,0.026678238230095488,0.03274951700708777,14.285714285714285
72.81125952771575,0.8257407407407409,0.03684394108280263,0.05652916713709307,35.714285714285715
72.9171999175251,0.8239583333333333,0.030363585723082228,0.03917881345661598,20.0
72.42396510222085,0.8291666666666667,0.024255901661906918,0.022849930887505678,0.0
72.63058429886074,0.826851851851852,0.02498284733931859,0.02867595518276137,7.142857142857142
72.67719913658084,0.8266666666666667,0.030000000000000013,0.03529292887993518,14.285714285714285
72.38374044629857,0.8300000000000001,0.03007535118616562,0.043542434045540326,35.714285714285715
72.4652000953549,0.8286458333333333,0.023461921433042248,0.025082169490246442,6.666666666666667
72.7339838069023,0.8258680555555555,0.027928734780975115,0.03604695155001851,13.333333333333334
72.7461496644088,0.8264814814814815,0.037841268361682195,0.05464027786099399,14.285714285714285
72.60708335891654,0.8272222222222221,0.026511896545441897,0.02904832378362732,0.0
72.64101861003522,0.8266666666666665,0.02391256363480247,0.024442640626086497,0.0
72.50635557874926,0.828125,0.02232776585523998,0.026730248274932037,6.666666666666667
72.45871112344905,0.8288888888888889,0.026639646804959775,0.030537512710430124,14.285714285714285
72.62011470576063,0.827037037037037,0.026185211378267573,0.0290198496806067,14.285714285714285
72.67018215837189,0.8270370370370371,0.03420867135916159,0.03797102766319267,14.285714285714285
72.53937286605132,0.8277777777777778,0.023062805642749235,0.027064248464968403,0.0
72.79522835635723,0.8248263888888888,0.02192660909357835,0.025276251480171853,13.333333333333334
73.07492202924871,0.8225694444444445,0.03463704831160906,0.04603630701724464,20.0
72.46690789984811,0.8288888888888887,0.02762550857956893,0.03130396574884625,7.142857142857142
72.97746485174223,0.8237037037037036,0.034766514959286135,0.03831060978201063,21.428571428571427
72.80315994466552,0.825,0.026769910093606093,0.029458417369394856,6.666666666666667
72.47366203598065,0.8284722222222223,0.02186121699819055,0.02461639856252943,6.666666666666667
72.57581716546123,0.8279629629629629,0.03209852801431665,0.039114988985243196,7.142857142857142
72.75006436031467,0.8255555555555555,0.026199613605670215,0.02806400155753839,14.285714285714285
72.50959002117762,0.8285185185185184,0.029370393722843457,0.033382899655631924,14.285714285714285
72.49836829712355,0.8284722222222223,0.026796918585520465,0.030981874430219304,0.0
72.6899638759737,0.8260416666666667,0.022776825013948926,0.02517428958217249,6.666666666666667
72.610350961889,0.8268518518518518,0.020579732195271188,0.025055054019546618,7.142857142857142
72.41307469049265,0.8294444444444443,0.027004038716382493,0.03020177588013547,14.285714285714285
72.77474969656909,0.8257407407407408,0.032905693071083306,0.044170784474109125,35.714285714285715
72.56394666329794,0.8276041666666667,0.024757090540320048,0.02370081000855726,0.0
72.55390885437768,0.8281481481481482,0.03145750721123863,0.03699319495073574,7.142857142857142
72.63483771108187,0.8266666666666667,0.02240205017072883,0.024272937296685337,7.142857142857142
72.53075764957846,0.8279629629629628,0.024584335963371985,0.02595189553451183,14.285714285714285
72.64626365393748,0.826851851851852,0.027715980642769936,0.03320909386514355,7.142857142857142
72.71581426067888,0.8258680555555555,0.024703464130487778,0.0286708294422284,6.666666666666667
72.86942609269818,0.8253472222222222,0.03987919402070133,0.059256365670094756,33.33333333333333
72.53672050000442,0.8277777777777776,0.022521137761901244,0.024878452318637546,0.0
72.61478066801826,0.826851851851852,0.02169908938434375,0.0216697189547239,0.0
72.85246480493845,0.825,0.0339355325635295,0.04924846721100815,33.33333333333333
72.47240463299583,0.8288194444444444,0.027601436797232218,0.02963252300687685,6.666666666666667
72.54295684091588,0.8279629629629628,0.026710355158670807,0.027468516529888066,14.285714285714285
72.67876301648671,0.8262962962962963,0.024966369698300312,0.03523040814194925,7.142857142857142
72.43562175727394,0.8296296296296296,0.03301805633128255,0.04271821249786028,21.428571428571427
72.47235041883212,0.8286458333333333,0.02476195990960359,0.03389192457563203,20.0
72.59116502373871,0.8274074074074073,0.027005308628147703,0.03633932769347011,21.428571428571427
72.62846867439829,0.8268518518518521,0.02456759103966964,0.0268803443068148,7.142857142857142
72.625297953241,0.827037037037037,0.026883123552920538,0.028781470008896637,0.0
72.7467230715724,0.8255555555555554,0.025402115851084806,0.026383666985426484,0.0
72.55546126569428,0.8279513888888889,0.029240461374682874,0.038636748749208485,20.0
72.51690370471418,0.8281481481481481,0.025293883079946476,0.028220675498173177,7.142857142857142
70.36019849018814,0.8635185185185187,0.10556465197972023,0.13028932666176193,28.57142857142857
72.63360997155611,0.8268518518518518,0.025391313334818665,0.025361148055398238,7.142857142857142
72.4607443146017,0.8287037037037037,0.023606571822188827,0.024056261216234408,0.0
72.6350996285756,0.8266666666666664,0.02249371196999953,0.02627901101170069,7.142857142857142
73.15232740478683,0.8211805555555555,0.027758239656490477,0.030301978096210325,6.666666666666667
72.2561531568534,0.8310763888888888,0.024280120620175007,0.025770033958180224,6.666666666666667
72.58866136393308,0.8274074074074075,0.026447141682136584,0.027236795580789223,14.285714285714285
72.5996101219335,0.8272222222222222,0.025137482055990153,0.025011020498661794,0.0
72.44471284033753,0.8288888888888888,0.023631255023628544,0.026560635762986513,7.142857142857142
72.57456553422497,0.8277777777777778,0.02918319637423708,0.04446180216603744,20.0
72.76213675298703,0.8251736111111111,0.02168332581596647,0.021069647390316325,0.0
74.29773429654415,0.8121527777777777,0.05756668000332255,0.05717095869861303,20.0
72.65057552994784,0.826851851851852,0.02875443545436146,0.03541763926457886,14.285714285714285
72.60453434155907,0.8272222222222222,0.02617997224028433,0.033498269191119506,14.285714285714285
72.52248415369449,0.8281481481481481,0.026251918735806443,0.04062182018487446,21.428571428571427
72.3565792898695,0.8298611111111112,0.02268400412647372,0.024300925484924817,6.666666666666667
72.76059957705462,0.8253703703703702,0.024966369698300336,0.028357055117834606,7.142857142857142
72.60279824644567,0.8272222222222222,0.026120959529637694,0.028024696213939534,0.0
72.39156912202773,0.8298148148148147,0.028697131864161632,0.030967639706550282,7.142857142857142
72.73009756409795,0.8258680555555555,0.027193840611557437,0.03334876186150656,20.0
72.72060241121633,0.826388888888889,0.03320286968856089,0.04058471807914632,6.666666666666667
72.49374265637938,0.828888888888889,0.03231149829102173,0.0485912657903775,21.428571428571427
72.62410156440315,0.826851851851852,0.023952685414081517,0.026643508462848447,7.142857142857142
73.07763683886246,0.8224074074074075,0.033432978634226604,0.034884541231485565,28.57142857142857
72.55833538760591,0.8279629629629629,0.02933534411364757,0.03245367068207755,14.285714285714285
72.57959125977092,0.8274305555555556,0.025036142855361616,0.025899457388217924,0.0
72.73912689958017,0.8257407407407408,0.026844826667215906,0.02836677142962144,7.142857142857142
72.53327320559188,0.8279629629629631,0.024916871394895058,0.029199716724484213,14.285714285714285
69.4153417085975,0.8655555555555556,0.032501978413983425,0.030146979749338984,14.285714285714285
68.9061177797443,0.871851851851852,0.031062572364832227,0.031206980971822007,7.142857142857142
72.24568149205375,0.8314814814814816,0.02862893487729686,0.024922720062397725,0.0
70.34066819860915,0.8541666666666664,0.031978932383713445,0.032394177193585,7.6923076923076925
70.91316163522696,0.8468518518518519,0.02511018243666785,0.03060962027885218,14.285714285714285
72.23814635475716,0.8314236111111111,0.02603414243152751,0.02840042890767526,6.666666666666667
69.28951877168411,0.8666666666666667,0.02527625148017184,0.030018733128237426,7.142857142857142
69.99103583486716,0.8581481481481481,0.02793412788482703,0.028386194075806413,0.0
72.55829084365726,0.8293402777777777,0.04272914747999641,0.04545155246412577,13.333333333333334
73.63443898050146,0.8157407407407409,0.02722915003809304,0.027995180991202004,14.285714285714285
71.8182318395941,0.836111111111111,0.023679096023230407,0.023756554836659935,0.0
71.45173296393479,0.8421875,0.045285219544373416,0.023884581868410578,6.666666666666667
68.99956668128128,0.8706349206349205,0.030369460101027757,0.030989536573141005,7.6923076923076925
68.60885536481454,0.8755952380952382,0.03079234676505789,0.03725186981036617,15.384615384615385
68.80086017087797,0.8734126984126985,0.03425823781443915,0.03261330603134858,15.384615384615385
71.81017518361031,0.8366666666666667,0.03081873194476254,0.030905285701694298,14.285714285714285
72.18115317785522,0.832037037037037,0.025797299972498213,0.03515993942526078,7.142857142857142
74.66770805474489,0.8043402777777778,0.025057202112379134,0.024522182785381715,0.0
73.90285718716456,0.8125,0.022545393167705464,0.02196611681808699,0.0
74.79885462580486,0.8055555555555556,0.051828078214014695,0.03561626761072135,20.0
68.97338536949961,0.8706349206349205,0.024749946237321695,0.026565423907561003,7.6923076923076925
68.32024805610989,0.879563492063492,0.03492570760414582,0.03500949538812911,15.384615384615385
69.21597741678369,0.8679629629629629,0.03104600771977094,0.027398200226682306,7.142857142857142
69.52843672376206,0.8635185185185185,0.02200978707355707,0.021050455888690242,0.0
71.86926140295074,0.8359375,0.0302138205425049,0.03158208326787665,13.333333333333334
69.83455578555262,0.8601851851851852,0.029338850958805292,0.026498311150470716,7.142857142857142
73.2758912193438,0.8199652777777777,0.030669276226279407,0.023830678432808027,13.333333333333334
65.94009155085776,0.9109126984126984,0.030310421563033364,0.03233916298372806,7.6923076923076925
69.06240545547524,0.8696296296296295,0.027451166268347427,0.027206425607864418,7.142857142857142
69.40828304917673,0.8655555555555556,0.030778646865654426,0.03183642883644774,14.285714285714285
69.37758315422417,0.8659259259259258,0.030554994383174577,0.03229193334929988,14.285714285714285
69.64425712558959,0.8627777777777779,0.0331290033686124,0.03413390479845698,21.428571428571427
68.79575874553332,0.8731481481481482,0.029704765844130048,0.028943781791762654,14.285714285714285
71.65560434911069,0.8399305555555556,0.043798198758695235,0.041740675013915186,13.333333333333334
69.62019823749885,0.8626984126984126,0.027752255849056922,0.03514486368581869,15.384615384615385
72.07639276226989,0.8331481481481482,0.02433195215652866,0.02508802844138691,0.0
69.25462839001425,0.8674074074074074,0.03007991185814364,0.033654209545104764,21.428571428571427
69.61038828091071,0.8627777777777779,0.026716773911354894,0.028791043090820728,0.0
67.5481452676308,0.8890873015873016,0.02732698269789634,0.02749859704614351,7.6923076923076925
68.543686832219,0.8762962962962962,0.02870430106905281,0.027418309000197944,0.0
69.40870991161152,0.8653703703703705,0.027867755506717207,0.030789150382969567,14.285714285714285
69.89587366647031,0.8590740740740741,0.023710936396547005,0.02844438244040861,7.142857142857142
73.59914570745406,0.8159722222222222,0.0248160672016745,0.024751854899939422,0.0
70.0135686431441,0.857962962962963,0.029201771936390546,0.03454318923316997,14.285714285714285
70.05783585624576,0.8575396825396826,0.030599329601042866,0.03404685057663976,15.384615384615385
71.86526545040056,0.8359259259259257,0.029492739335731048,0.032026292659575135,14.285714285714285
70.23747024107679,0.8555555555555555,0.033640559489972126,0.0362634150814372,14.285714285714285
70.38161254820247,0.853174603174603,0.023753240353932052,0.027216552697590882,7.6923076923076925
70.37421269501775,0.8535185185185186,0.028245445873981662,0.03127754517943345,7.142857142857142
69.61659598694806,0.8627777777777778,0.02826971798112797,0.03151453291471176,7.142857142857142
68.78510822208308,0.8733333333333333,0.03054376877039879,0.02802469621393955,14.285714285714285
69.61103625559508,0.8627777777777778,0.02688950106435061,0.026726124191242463,0.0
70.3967952580537,0.8531481481481482,0.026718057476846576,0.02895330120717933,7.142857142857142
70.05284656760742,0.8575925925925928,0.030906514200527938,0.03127754517943343,0.0
71.3403538665632,0.844074074074074,0.0480147725324645,0.05693234482370477,14.285714285714285
70.02591364116915,0.8585185185185183,0.03780862937767489,0.039521498625628045,21.428571428571427
66.87661993965547,0.8978174603174603,0.024311021413274965,0.02819136545858947,7.6923076923076925
67.5693087507906,0.8888888888888888,0.028634923567850256,0.03418231026564767,14.285714285714285
69.08147613433276,0.8696296296296296,0.030538154416589542,0.029199716724484213,14.285714285714285
68.87394920290916,0.871851851851852,0.02461361216843339,0.028981840692873375,7.142857142857142
68.75993305070573,0.8734126984126983,0.026823166057335222,0.03179311983961,15.384615384615385
68.20197652570256,0.8807539682539682,0.02975992056877867,0.030989536573141,7.6923076923076925
66.21349028758296,0.9069444444444444,0.02670033423619478,0.0364790590255343,23.076923076923077
66.54130437772756,0.9025793650793651,0.02825901172214307,0.03616038715556383,15.384615384615385
67.8130316620143,0.8861111111111111,0.03459049085533722,0.035191276275888674,21.428571428571427
69.95743486583443,0.8594444444444445,0.03918931575232979,0.029797597644723395,7.142857142857142
69.1860422478771,0.8685185185185185,0.03309586192891128,0.033670582306737445,7.142857142857142
68.89242360441716,0.8746296296296296,0.05368007142866993,0.06166773915841289,14.285714285714285
66.44762461581597,0.9037698412698412,0.02682096445959215,0.026754662506037433,15.384615384615385
67.18085785596435,0.8944444444444443,0.034133904798456974,0.03091282968180643,15.384615384615385
68.87019403678657,0.8720238095238096,0.02683857218475118,0.03332442901012562,15.384615384615385
68.7927943373784,0.8730158730158731,0.027164430301785444,0.030026499850254934,7.6923076923076925
66.95267039841914,0.8968253968253969,0.02439427442746615,0.02605786533235237,7.6923076923076925
69.11958030352814,0.8690740740740741,0.029272149059514127,0.0324876180456287,14.285714285714285
69.30092131273379,0.867037037037037,0.032833704119399544,0.03273268353539885,14.285714285714285
68.46677429624033,0.8769841269841269,0.023882164322747756,0.029437589913323983,7.6923076923076925
70.01521071681331,0.8594444444444445,0.04425654725923208,0.05826715823167509,21.428571428571427
68.89021000761402,0.8716269841269841,0.024128974698586735,0.026487109158361395,0.0
78.17323549068719,0.7755208333333332,0.07903387223864178,0.025579698740491884,6.666666666666667
80.80582868278945,0.7501633986928103,0.07671111828367966,0.026159455835885227,6.25
66.19692000056007,0.9077380952380952,0.034649583884821505,0.03383700666345975,23.076923076923077
68.4140012930772,0.878373015873016,0.03400738085523355,0.03588026145937572,23.076923076923077
73.64097627677207,0.8211805555555556,0.07234814743121205,0.03808697000222802,13.333333333333334
73.1812426809177,0.8272569444444444,0.07915581522851457,0.06325775217217681,33.33333333333333
66.81824368040485,0.898809523809524,0.027692613210107766,0.02974847071651768,7.6923076923076925
66.16409841066724,0.9083333333333333,0.037379118241764535,0.0377222494954355,16.666666666666664
72.88597980568638,0.8285185185185185,0.06687826501907468,0.035696644673093664,21.428571428571427
79.66581767994178,0.7545751633986929,0.03281101085386076,0.027305004515746533,6.25
67.32199895060984,0.8930555555555556,0.04034613793860381,0.038597811766010855,15.384615384615385
66.96222012962566,0.8968253968253966,0.026661233384509254,0.032228852839740085,15.384615384615385
70.31743066411816,0.8542592592592592,0.02900735444326115,0.0356270981621685,14.285714285714285
66.41082076440387,0.9041666666666667,0.02517027550424184,0.030574974404389315,7.6923076923076925
66.35733190619837,0.9047008547008547,0.02124967502641338,0.02519216270446815,8.333333333333332
70.29432901019294,0.8546296296296295,0.030168707158782452,0.032707417083516856,14.285714285714285
69.06298631960546,0.8703703703703703,0.03790646201936799,0.028991347611512803,14.285714285714285
75.80900770095536,0.7949652777777778,0.05328899659934323,0.03647255013815523,20.0
68.05079065079916,0.883531746031746,0.03940228416577489,0.0305846792052699,7.6923076923076925
67.03359803728286,0.898888888888889,0.05499532340761185,0.075891236106767,14.285714285714285
67.56190384342086,0.8890873015873015,0.029722857983748758,0.028846945224978618,15.384615384615385
68.19991845786683,0.8807407407407407,0.02964929902686802,0.03320079470373316,14.285714285714285
66.60905064746443,0.9015873015873016,0.026905230131244334,0.03474571854581449,7.6923076923076925
67.96115351719001,0.8838888888888891,0.029800433614653978,0.0288865994208784,14.285714285714285
69.70287517869782,0.8624074074074073,0.037841268361682195,0.02969569354582492,14.285714285714285
65.51671934130425,0.9176587301587301,0.04176716904070684,0.04458444829130101,30.76923076923077
69.26594355154675,0.8681481481481481,0.04081054625793505,0.04100667773726152,28.57142857142857
67.92137760650638,0.8850000000000001,0.03737530709234258,0.038115900481144833,21.428571428571427
65.83361196226805,0.9124999999999999,0.032064989946153324,0.038188130791298666,15.384615384615385
69.77244111878868,0.8622222222222223,0.043976705393696226,0.038260224740298256,21.428571428571427
66.63947798347763,0.9009920634920636,0.023747438896003607,0.023944974908356502,0.0
67.22065474707607,0.8932539682539682,0.024503767430576088,0.02940733026176308,15.384615384615385
68.42973971543368,0.8781481481481481,0.03466278864032338,0.03643777765193209,21.428571428571427
66.45418726427826,0.9043650793650795,0.036652147884815994,0.032613306031348585,15.384615384615385
68.55054359873765,0.8757936507936508,0.021476284329737808,0.024362722758528618,7.6923076923076925
67.2423675134443,0.8935185185185187,0.032642007993857476,0.036452900199855136,14.285714285714285
69.68251461285347,0.862037037037037,0.029180625701374738,0.030744366140525923,14.285714285714285
68.85334034410492,0.8742592592592594,0.048458402112056605,0.045407473221250966,21.428571428571427
69.02007244564453,0.8698412698412697,0.021435918787411915,0.023620536077667488,0.0
67.09710399924559,0.8948412698412698,0.02326087442817912,0.027530954692614636,0.0
68.14919969279772,0.8844444444444444,0.05555370367283846,0.055803020279465196,14.285714285714285
68.39733831173422,0.8779761904761906,0.026046532047388604,0.03171835637378033,15.384615384615385
66.2954497227158,0.9059829059829061,0.029535139988145734,0.03342964481210312,16.666666666666664
67.79138428046697,0.8863095238095238,0.033092121394106916,0.03668187977590078,23.076923076923077
67.95015818326154,0.8839285714285714,0.028717796384404484,0.034651637658307845,15.384615384615385
66.43137841880389,0.9043650793650794,0.03267731250165108,0.03327987165765302,0.0
68.74042037770303,0.874404761904762,0.03727044039025225,0.02886751345948129,7.6923076923076925
66.97387333691182,0.8970238095238096,0.03199124049454703,0.03552282147020673,23.076923076923077
69.0455508336221,0.8701851851851853,0.03197006487342454,0.02867595518276137,7.142857142857142
64.95309501967232,0.9244047619047617,0.024893480555150563,0.030370457230089097,7.6923076923076925
68.35627865337898,0.8785185185185185,0.02606707608111009,0.027558659579396308,7.142857142857142
73.92977875318313,0.8125925925925925,0.028379893962879908,0.042550157144432194,28.57142857142857
74.1401705702709,0.8111111111111111,0.037756325608522746,0.06714335747246258,33.33333333333333
73.6940290770338,0.8154513888888889,0.03212462395297991,0.03962270621419775,20.0
73.98239023469581,0.8121527777777777,0.03031590043928176,0.03903412034925765,26.666666666666668
73.78772999178585,0.8140624999999999,0.02740142176489487,0.040035992037618026,20.0
74.76935637678844,0.8045138888888889,0.039478113075944204,0.05983946287252608,26.666666666666668
74.46482363614044,0.8072916666666667,0.03592198068018596,0.057323714381158825,40.0
73.7835934637735,0.8137037037037037,0.020373737095518617,0.028347335475692043,14.285714285714285
70.81749711416785,0.8720238095238094,0.19131974666733334,0.20824499551644654,30.76923076923077
74.82747437680382,0.8038194444444444,0.03877556653596676,0.0474124707944152,20.0
74.79455549152902,0.8039930555555554,0.03737077464347915,0.052298014345926645,33.33333333333333
74.50509659528831,0.8059027777777779,0.021714579324659113,0.02797154638927578,0.0
74.79664268356079,0.8093750000000001,0.07689776838379256,0.11558359702498695,40.0
74.39510048588741,0.8090740740740741,0.04415958092085594,0.06164986186012206,28.57142857142857
73.88096317896475,0.8133680555555556,0.03169009169521658,0.044386536348914395,33.33333333333333
75.43322407329339,0.7961805555555556,0.02456949940324233,0.025204921460770725,6.666666666666667
76.11108233064311,0.7906862745098039,0.041845381183030377,0.047517459429322235,18.75
74.1206231201073,0.8107638888888888,0.03218321093921525,0.03249723001807594,13.333333333333334
74.62804584578825,0.8048611111111111,0.02632484919586787,0.03739181926769741,20.0
73.70180301445434,0.8147569444444445,0.023026226953207444,0.028318805280419,13.333333333333334
77.2938238609621,0.77859477124183,0.040386260330652506,0.038826835412484315,12.5
74.62907525198288,0.804861111111111,0.026580082234728655,0.03429927592848143,20.0
73.69317647868742,0.8148809523809525,0.023840092810122678,0.02803301540178327,7.6923076923076925
71.09808465866448,0.8640873015873015,0.14972956325950662,0.18145404321912978,23.076923076923077
74.00315364806666,0.8114814814814815,0.02387093784344003,0.03013783737467861,7.142857142857142
74.61383141797104,0.8050347222222223,0.026899639688199136,0.03250514362589278,13.333333333333334
75.7088421883185,0.79375,0.03140394181831948,0.0327730693416725,6.666666666666667
74.04686081806288,0.8112962962962963,0.028172504082572755,0.042133626765437256,21.428571428571427
74.08167010527737,0.8111111111111111,0.030932024237944552,0.03869708938190818,21.428571428571427
74.12823107331405,0.8105555555555556,0.030381660051579017,0.04077755071084222,21.428571428571427
74.71395428363277,0.804861111111111,0.037105694464979286,0.046331468121262945,13.333333333333334
73.66030801710562,0.8163194444444445,0.03752410490703375,0.04122606550916854,20.0
74.58698712172179,0.8059027777777779,0.03432937488417568,0.044542715430723204,33.33333333333333
74.09145588283158,0.8104166666666667,0.02225475049855842,0.033263816399828214,13.333333333333334
75.02194956847475,0.8018518518518518,0.039864310320277534,0.05313683211944043,28.57142857142857
74.43656099572388,0.8078125,0.03754137056959732,0.037672784382463326,20.0
75.04699597723244,0.8012152777777778,0.03692941358290382,0.047898211690287275,20.0
74.1897003945297,0.809375,0.02275564219140408,0.026401069313672688,0.0
73.86197668307624,0.8137037037037038,0.032890056702656795,0.04120779065397723,14.285714285714285
74.37544782029994,0.8081481481481482,0.03335595939910651,0.04976798018658032,21.428571428571427
74.43232599999632,0.8081597222222222,0.04009138805553054,0.049149138955655224,26.666666666666668
74.64720385735762,0.8055555555555556,0.03785836991788613,0.0433606276813633,13.333333333333334
74.86341570144516,0.8038194444444444,0.04369898922115494,0.053652593814700764,13.333333333333334
74.62537621710968,0.8065972222222222,0.04621969936691391,0.06495091530669107,33.33333333333333
74.24516104537173,0.8092592592592591,0.03010042633078349,0.04869890032039969,50.0
74.09841963309569,0.8116666666666668,0.03923391914558922,0.04390169594133662,21.428571428571427
74.36982600938485,0.8088541666666667,0.040614240621743306,0.05640097480405578,26.666666666666668
73.92407149671766,0.812673611111111,0.02878334000166128,0.028867513459481287,0.0
73.84322889404339,0.8142361111111112,0.037304984172839464,0.05260693596793256,40.0
74.36738867082734,0.8086805555555556,0.03918383932042506,0.05133004639147951,33.33333333333333
74.35439140429762,0.8090277777777778,0.03924071998496296,0.05228817742035371,26.666666666666668
74.0908924015118,0.8114814814814815,0.03610208814148543,0.047420219829490975,21.428571428571427
74.69549817644672,0.8051851851851854,0.038701488506516474,0.059386746958271015,35.714285714285715
73.9225311347673,0.8125,0.026370607702843787,0.029160052160023795,13.333333333333334
74.41994278906587,0.8079861111111111,0.036295934604679364,0.04662476072600483,13.333333333333334
74.12716457888078,0.8119791666666667,0.0460193903500953,0.07041178118781795,53.333333333333336
73.99030475893571,0.8118055555555556,0.02733148424188114,0.03358699777820408,13.333333333333334
73.81307273119357,0.8140625,0.031906208245640805,0.04256440290972879,20.0
74.39316301816368,0.8095486111111111,0.04997075485385008,0.07695664430626285,53.333333333333336
74.11213935413313,0.8109259259259258,0.03309275321729345,0.04897539244616353,35.714285714285715
74.76872752375303,0.8048611111111111,0.0423611111111111,0.05789073715681697,26.666666666666668
73.83266611998175,0.8135416666666666,0.026947218499810747,0.03741932336797222,26.666666666666668
74.07201459721685,0.8111111111111111,0.02977215431975834,0.039758789177645075,26.666666666666668
73.8283016145632,0.8144097222222222,0.037283567168218186,0.05297235089032522,33.33333333333333
73.91968146918799,0.8119791666666666,0.01523728060689342,0.02070019184420358,0.0
74.14732839691814,0.8098958333333334,0.023590038594934394,0.03512177522065486,20.0
74.22039008590451,0.8092013888888889,0.02533949178160444,0.03892194362404386,13.333333333333334
73.87759302343466,0.8137152777777777,0.03571455267481794,0.047628967220784024,13.333333333333334
73.91484932916482,0.812962962962963,0.03151958478415771,0.042647192976596575,28.57142857142857
74.00893898869893,0.8112962962962963,0.021646872883262887,0.029209152729488784,14.285714285714285
73.96253994218218,0.8120370370370369,0.025532732696628382,0.032385669202054525,14.285714285714285
74.00457057146859,0.8119791666666667,0.03204571432677017,0.040723902244158394,33.33333333333333
74.20474488017253,0.8098958333333333,0.03254224388329541,0.0513150119621432,40.0
73.73000883348195,0.8147569444444445,0.028203658011532504,0.03545703944339593,13.333333333333334
73.85528415988627,0.8130208333333333,0.02249654358739647,0.02847278680560379,6.666666666666667
74.1951030391809,0.8097222222222222,0.02910045394410688,0.03857678996857871,20.0
74.07375572248358,0.8126736111111112,0.046780705054059825,0.07069976513485356,46.666666666666664
73.88380869652703,0.8133333333333332,0.03220625402548253,0.04287275582744662,21.428571428571427
74.01999795588264,0.8118518518518519,0.03185723468728003,0.03666396093912972,14.285714285714285
74.05361771090027,0.8118518518518518,0.0359392873206169,0.05266278198787015,35.714285714285715
73.96288655216345,0.8125,0.03228979982656297,0.0439790447668071,26.666666666666668
74.11336107972076,0.8107638888888888,0.030474561213786798,0.04116987791743649,20.0
73.90778895218659,0.8128472222222222,0.0285631171084428,0.04072390224415841,33.33333333333333
73.81330490440348,0.8137152777777777,0.026269260093287092,0.031906176756646004,13.333333333333334
74.44541028971526,0.8086805555555555,0.046448678618130464,0.0706815730842385,53.333333333333336
73.90462305509027,0.8131944444444444,0.032771597816658116,0.04106979906283607,13.333333333333334
73.74300637219976,0.8151041666666666,0.03503978049598471,0.046696419087073004,26.666666666666668
74.01879056575196,0.812037037037037,0.034763555645206855,0.04611206730697238,28.57142857142857
74.2444338888187,0.8101851851851852,0.04052975671896163,0.06422873724300272,57.14285714285714
74.0126066555054,0.8127777777777779,0.042706771275258,0.06704587915611651,35.714285714285715
73.94242045833182,0.8125,0.02946278254943948,0.040336802217933995,26.666666666666668
73.8796885970384,0.8135416666666666,0.03397636422010578,0.05114431288756102,40.0
73.82093513316732,0.8138888888888889,0.030444875301087467,0.04332502294481475,26.666666666666668
74.26735906728356,0.8092013888888889,0.03259776886702563,0.04590762777650184,33.33333333333333
73.9490904168884,0.8140625,0.0474511276965672,0.07011894655987544,40.0
73.89129037947806,0.8128472222222223,0.026203202701008194,0.034493692391723084,13.333333333333334
73.90708809704823,0.8127777777777777,0.02777407382712756,0.03352293957805825,21.428571428571427
73.9225604052613,0.8133333333333334,0.03696567198563817,0.058526701423721524,21.428571428571427
74.35327027304136,0.808888888888889,0.03862609621281933,0.05946557998390221,50.0
73.79659733048399,0.8140624999999999,0.02853936443134398,0.038012614323887625,20.0
73.67435914855216,0.815625,0.03162392034462144,0.0481552701285359,33.33333333333333
73.4656300055984,0.8178819444444445,0.03139578264391691,0.03601839950470673,13.333333333333334
74.01294515772338,0.8114583333333333,0.02543743459360049,0.03581071637662959,13.333333333333334
74.1922062112635,0.8097222222222222,0.028649515756578148,0.03770690519770189,13.333333333333334
73.85780545357821,0.8148148148148148,0.04494700430684033,0.061367607458250435,21.428571428571427
73.97957988206515,0.812037037037037,0.028484828585294452,0.037847449759036436,21.428571428571427
74.05420283721288,0.8112962962962963,0.029440367758781325,0.041013397389537236,14.285714285714285
73.80632434437538,0.8145833333333334,0.03783925757173688,0.04495654051391657,13.333333333333334
73.9602493653827,0.8125,0.031732387941099616,0.04170985416129357,26.666666666666668
74.37039623699947,0.8090277777777778,0.04361752429845057,0.06612433730132267,46.666666666666664
73.6930297933517,0.815625,0.0345115134438521,0.04178994109776576,20.0
73.74975134655105,0.8151041666666666,0.03568077924219492,0.044979419161969514,20.0
74.44706746046212,0.8076388888888888,0.03630423784057703,0.04906533814626581,26.666666666666668
74.2300666522619,0.8098148148148149,0.03525139968424258,0.048198361077758795,35.714285714285715
73.74094641690398,0.8151851851851851,0.03544059346702485,0.05635828788879781,28.57142857142857
73.84419379950141,0.8135185185185185,0.02884731101052094,0.03558840248640547,14.285714285714285
74.41791920947081,0.8085185185185185,0.04212057289709743,0.058224577378756,35.714285714285715
74.07172714454086,0.812326388888889,0.04449832617101013,0.06899111292442993,40.0
73.96660617825117,0.8131944444444444,0.04024783369678361,0.06149291504574364,26.666666666666668
74.2669383817458,0.8090277777777778,0.03089302280491004,0.0471949812495358,26.666666666666668
73.91903987989161,0.8133680555555556,0.03697183025816937,0.04965415369758976,13.333333333333334
73.9901355936374,0.812326388888889,0.0337212490421081,0.052518858067125716,33.33333333333333
74.28309180644982,0.8086805555555556,0.02751393796619101,0.027638539919628325,0.0
73.92791215799919,0.8124074074074074,0.02571741549093935,0.03510503262634359,21.428571428571427
73.74021689390032,0.8155555555555554,0.039464001411506765,0.05014858873767988,28.57142857142857
73.91198926678256,0.8142592592592593,0.046012463272531216,0.07040995475353652,42.857142857142854
73.6405262245924,0.8163194444444444,0.035935403186279885,0.04644789992461885,20.0
73.81736764735052,0.8144444444444445,0.03590682959441886,0.048272631102729925,14.285714285714285
74.07064154340335,0.8116319444444444,0.0358459650162683,0.04813390102602883,13.333333333333334
